argumentTypeId	sourceOccurrenceId	sourceCatalogNumber	sourceCollectionCode	sourceCollectionId	sourceInstitutionCode	sourceTaxonId	sourceTaxonName	sourceTaxonRank	sourceTaxonPathIds	sourceTaxonPath	sourceTaxonPathNames	sourceBodyPartId	sourceBodyPartName	sourceLifeStageId	sourceLifeStageName	sourceSexId	sourceSexName	interactionTypeId	interactionTypeName	targetOccurrenceId	targetCatalogNumber	targetCollectionCode	targetCollectionId	targetInstitutionCode	targetTaxonId	targetTaxonName	targetTaxonRank	targetTaxonPathIds	targetTaxonPath	targetTaxonPathNames	targetBodyPartId	targetBodyPartName	targetLifeStageId	targetLifeStageName	targetSexId	targetSexName	basisOfRecordId	basisOfRecordName	http://rs.tdwg.org/dwc/terms/eventDate	decimalLatitude	decimalLongitude	localityId	localityName	referenceDoi	referenceUrl	referenceCitation	namespace	citation	archiveURI	lastSeenAt	contentHash	eltonVersion
https://en.wiktionary.org/wiki/support							[brevibacterium] halotolerans											http://purl.obolibrary.org/obo/RO_0002454	hasHost							azadirachta indica																			https://www.ncbi.nlm.nih.gov/nuccore/404244281	https://www.ncbi.nlm.nih.gov/nuccore/404244281	local	Wardeh, M., Risley, C., McIntyre, M. et al. Database of host-pathogen and related species interactions, and their global distribution. Sci Data 2, 150049 (2015). https://doi.org/10.1038/sdata.2015.49	file:///home/jorrit/proj/globi/data-new/wardeh2015/./			0.13.5
https://en.wiktionary.org/wiki/support							[brevibacterium] halotolerans											http://purl.obolibrary.org/obo/RO_0002454	hasHost							populus euphratica																			https://www.ncbi.nlm.nih.gov/nuccore/306035150	https://www.ncbi.nlm.nih.gov/nuccore/306035150	local	Wardeh, M., Risley, C., McIntyre, M. et al. Database of host-pathogen and related species interactions, and their global distribution. Sci Data 2, 150049 (2015). https://doi.org/10.1038/sdata.2015.49	file:///home/jorrit/proj/globi/data-new/wardeh2015/./			0.13.5
https://en.wiktionary.org/wiki/support							[brevibacterium] halotolerans											http://purl.obolibrary.org/obo/RO_0002454	hasHost							prosopis strombulifera																			https://www.ncbi.nlm.nih.gov/nuccore/189014687	https://www.ncbi.nlm.nih.gov/nuccore/189014687	local	Wardeh, M., Risley, C., McIntyre, M. et al. Database of host-pathogen and related species interactions, and their global distribution. Sci Data 2, 150049 (2015). https://doi.org/10.1038/sdata.2015.49	file:///home/jorrit/proj/globi/data-new/wardeh2015/./			0.13.5
https://en.wiktionary.org/wiki/support							abaca bunchy top virus											http://purl.obolibrary.org/obo/RO_0002454	hasHost							musa textilis																			https://www.ncbi.nlm.nih.gov/nuccore/145845920	https://www.ncbi.nlm.nih.gov/nuccore/145845920	local	Wardeh, M., Risley, C., McIntyre, M. et al. Database of host-pathogen and related species interactions, and their global distribution. Sci Data 2, 150049 (2015). https://doi.org/10.1038/sdata.2015.49	file:///home/jorrit/proj/globi/data-new/wardeh2015/./			0.13.5
https://en.wiktionary.org/wiki/support							abaca bunchy top virus											http://purl.obolibrary.org/obo/RO_0002454	hasHost							musa textilis																			https://www.ncbi.nlm.nih.gov/nuccore/145845922	https://www.ncbi.nlm.nih.gov/nuccore/145845922	local	Wardeh, M., Risley, C., McIntyre, M. et al. Database of host-pathogen and related species interactions, and their global distribution. Sci Data 2, 150049 (2015). https://doi.org/10.1038/sdata.2015.49	file:///home/jorrit/proj/globi/data-new/wardeh2015/./			0.13.5
https://en.wiktionary.org/wiki/support							abaca bunchy top virus											http://purl.obolibrary.org/obo/RO_0002454	hasHost							musa textilis																			https://www.ncbi.nlm.nih.gov/nuccore/145845923	https://www.ncbi.nlm.nih.gov/nuccore/145845923	local	Wardeh, M., Risley, C., McIntyre, M. et al. Database of host-pathogen and related species interactions, and their global distribution. Sci Data 2, 150049 (2015). https://doi.org/10.1038/sdata.2015.49	file:///home/jorrit/proj/globi/data-new/wardeh2015/./			0.13.5
https://en.wiktionary.org/wiki/support							abaca bunchy top virus											http://purl.obolibrary.org/obo/RO_0002454	hasHost							musa textilis																			https://www.ncbi.nlm.nih.gov/nuccore/145845925	https://www.ncbi.nlm.nih.gov/nuccore/145845925	local	Wardeh, M., Risley, C., McIntyre, M. et al. Database of host-pathogen and related species interactions, and their global distribution. Sci Data 2, 150049 (2015). https://doi.org/10.1038/sdata.2015.49	file:///home/jorrit/proj/globi/data-new/wardeh2015/./			0.13.5
https://en.wiktionary.org/wiki/support							abaca bunchy top virus											http://purl.obolibrary.org/obo/RO_0002454	hasHost							musa textilis																			https://www.ncbi.nlm.nih.gov/nuccore/145845927	https://www.ncbi.nlm.nih.gov/nuccore/145845927	local	Wardeh, M., Risley, C., McIntyre, M. et al. Database of host-pathogen and related species interactions, and their global distribution. Sci Data 2, 150049 (2015). https://doi.org/10.1038/sdata.2015.49	file:///home/jorrit/proj/globi/data-new/wardeh2015/./			0.13.5
https://en.wiktionary.org/wiki/support							abaca bunchy top virus											http://purl.obolibrary.org/obo/RO_0002454	hasHost							musa textilis																			https://www.ncbi.nlm.nih.gov/nuccore/145845929	https://www.ncbi.nlm.nih.gov/nuccore/145845929	local	Wardeh, M., Risley, C., McIntyre, M. et al. Database of host-pathogen and related species interactions, and their global distribution. Sci Data 2, 150049 (2015). https://doi.org/10.1038/sdata.2015.49	file:///home/jorrit/proj/globi/data-new/wardeh2015/./			0.13.5
https://en.wiktionary.org/wiki/support							abaca bunchy top virus											http://purl.obolibrary.org/obo/RO_0002454	hasHost							musa textilis																			https://www.ncbi.nlm.nih.gov/nuccore/225030862	https://www.ncbi.nlm.nih.gov/nuccore/225030862	local	Wardeh, M., Risley, C., McIntyre, M. et al. Database of host-pathogen and related species interactions, and their global distribution. Sci Data 2, 150049 (2015). https://doi.org/10.1038/sdata.2015.49	file:///home/jorrit/proj/globi/data-new/wardeh2015/./			0.13.5
https://en.wiktionary.org/wiki/support							abaca bunchy top virus											http://purl.obolibrary.org/obo/RO_0002454	hasHost							musa textilis																			https://www.ncbi.nlm.nih.gov/nuccore/225030864	https://www.ncbi.nlm.nih.gov/nuccore/225030864	local	Wardeh, M., Risley, C., McIntyre, M. et al. Database of host-pathogen and related species interactions, and their global distribution. Sci Data 2, 150049 (2015). https://doi.org/10.1038/sdata.2015.49	file:///home/jorrit/proj/globi/data-new/wardeh2015/./			0.13.5
https://en.wiktionary.org/wiki/support							abaca bunchy top virus											http://purl.obolibrary.org/obo/RO_0002454	hasHost							musa textilis																			https://www.ncbi.nlm.nih.gov/nuccore/225030866	https://www.ncbi.nlm.nih.gov/nuccore/225030866	local	Wardeh, M., Risley, C., McIntyre, M. et al. Database of host-pathogen and related species interactions, and their global distribution. Sci Data 2, 150049 (2015). https://doi.org/10.1038/sdata.2015.49	file:///home/jorrit/proj/globi/data-new/wardeh2015/./			0.13.5
https://en.wiktionary.org/wiki/support							abacarus acutatus											http://purl.obolibrary.org/obo/RO_0002454	hasHost							calamagrostis epigeios																			https://www.ncbi.nlm.nih.gov/nuccore/229905456	https://www.ncbi.nlm.nih.gov/nuccore/229905456	local	Wardeh, M., Risley, C., McIntyre, M. et al. Database of host-pathogen and related species interactions, and their global distribution. Sci Data 2, 150049 (2015). https://doi.org/10.1038/sdata.2015.49	file:///home/jorrit/proj/globi/data-new/wardeh2015/./			0.13.5
https://en.wiktionary.org/wiki/support							abacarus acutatus											http://purl.obolibrary.org/obo/RO_0002454	hasHost							calamagrostis epigeios																			https://www.ncbi.nlm.nih.gov/nuccore/229905457	https://www.ncbi.nlm.nih.gov/nuccore/229905457	local	Wardeh, M., Risley, C., McIntyre, M. et al. Database of host-pathogen and related species interactions, and their global distribution. Sci Data 2, 150049 (2015). https://doi.org/10.1038/sdata.2015.49	file:///home/jorrit/proj/globi/data-new/wardeh2015/./			0.13.5
https://en.wiktionary.org/wiki/support							abacarus acutatus											http://purl.obolibrary.org/obo/RO_0002454	hasHost							calamagrostis epigeios																			https://www.ncbi.nlm.nih.gov/nuccore/229905458	https://www.ncbi.nlm.nih.gov/nuccore/229905458	local	Wardeh, M., Risley, C., McIntyre, M. et al. Database of host-pathogen and related species interactions, and their global distribution. Sci Data 2, 150049 (2015). https://doi.org/10.1038/sdata.2015.49	file:///home/jorrit/proj/globi/data-new/wardeh2015/./			0.13.5
https://en.wiktionary.org/wiki/support							abacarus acutatus											http://purl.obolibrary.org/obo/RO_0002454	hasHost							calamagrostis epigeios																			https://www.ncbi.nlm.nih.gov/nuccore/229905459	https://www.ncbi.nlm.nih.gov/nuccore/229905459	local	Wardeh, M., Risley, C., McIntyre, M. et al. Database of host-pathogen and related species interactions, and their global distribution. Sci Data 2, 150049 (2015). https://doi.org/10.1038/sdata.2015.49	file:///home/jorrit/proj/globi/data-new/wardeh2015/./			0.13.5
https://en.wiktionary.org/wiki/support							abacarus acutatus											http://purl.obolibrary.org/obo/RO_0002454	hasHost							calamagrostis epigeios																			https://www.ncbi.nlm.nih.gov/nuccore/237513188	https://www.ncbi.nlm.nih.gov/nuccore/237513188	local	Wardeh, M., Risley, C., McIntyre, M. et al. Database of host-pathogen and related species interactions, and their global distribution. Sci Data 2, 150049 (2015). https://doi.org/10.1038/sdata.2015.49	file:///home/jorrit/proj/globi/data-new/wardeh2015/./			0.13.5
https://en.wiktionary.org/wiki/support							abacarus acutatus											http://purl.obolibrary.org/obo/RO_0002454	hasHost							calamagrostis epigeios																			https://www.ncbi.nlm.nih.gov/nuccore/237513190	https://www.ncbi.nlm.nih.gov/nuccore/237513190	local	Wardeh, M., Risley, C., McIntyre, M. et al. Database of host-pathogen and related species interactions, and their global distribution. Sci Data 2, 150049 (2015). https://doi.org/10.1038/sdata.2015.49	file:///home/jorrit/proj/globi/data-new/wardeh2015/./			0.13.5
https://en.wiktionary.org/wiki/support							abacarus acutatus											http://purl.obolibrary.org/obo/RO_0002454	hasHost							calamagrostis epigeios																			https://www.ncbi.nlm.nih.gov/nuccore/237513192	https://www.ncbi.nlm.nih.gov/nuccore/237513192	local	Wardeh, M., Risley, C., McIntyre, M. et al. Database of host-pathogen and related species interactions, and their global distribution. Sci Data 2, 150049 (2015). https://doi.org/10.1038/sdata.2015.49	file:///home/jorrit/proj/globi/data-new/wardeh2015/./			0.13.5
https://en.wiktionary.org/wiki/support							abacarus acutatus											http://purl.obolibrary.org/obo/RO_0002454	hasHost							calamagrostis epigeios																			https://www.ncbi.nlm.nih.gov/nuccore/237513194	https://www.ncbi.nlm.nih.gov/nuccore/237513194	local	Wardeh, M., Risley, C., McIntyre, M. et al. Database of host-pathogen and related species interactions, and their global distribution. Sci Data 2, 150049 (2015). https://doi.org/10.1038/sdata.2015.49	file:///home/jorrit/proj/globi/data-new/wardeh2015/./			0.13.5
https://en.wiktionary.org/wiki/support							abacarus hystrix											http://purl.obolibrary.org/obo/RO_0002454	hasHost							elymus repens																			https://www.ncbi.nlm.nih.gov/nuccore/229905452	https://www.ncbi.nlm.nih.gov/nuccore/229905452	local	Wardeh, M., Risley, C., McIntyre, M. et al. Database of host-pathogen and related species interactions, and their global distribution. Sci Data 2, 150049 (2015). https://doi.org/10.1038/sdata.2015.49	file:///home/jorrit/proj/globi/data-new/wardeh2015/./			0.13.5
https://en.wiktionary.org/wiki/support							abacarus hystrix											http://purl.obolibrary.org/obo/RO_0002454	hasHost							elymus repens																			https://www.ncbi.nlm.nih.gov/nuccore/229905453	https://www.ncbi.nlm.nih.gov/nuccore/229905453	local	Wardeh, M., Risley, C., McIntyre, M. et al. Database of host-pathogen and related species interactions, and their global distribution. Sci Data 2, 150049 (2015). https://doi.org/10.1038/sdata.2015.49	file:///home/jorrit/proj/globi/data-new/wardeh2015/./			0.13.5
https://en.wiktionary.org/wiki/support							abacarus hystrix											http://purl.obolibrary.org/obo/RO_0002454	hasHost							elymus repens																			https://www.ncbi.nlm.nih.gov/nuccore/229905454	https://www.ncbi.nlm.nih.gov/nuccore/229905454	local	Wardeh, M., Risley, C., McIntyre, M. et al. Database of host-pathogen and related species interactions, and their global distribution. Sci Data 2, 150049 (2015). https://doi.org/10.1038/sdata.2015.49	file:///home/jorrit/proj/globi/data-new/wardeh2015/./			0.13.5
https://en.wiktionary.org/wiki/support							abacarus hystrix											http://purl.obolibrary.org/obo/RO_0002454	hasHost							elymus repens																			https://www.ncbi.nlm.nih.gov/nuccore/229905455	https://www.ncbi.nlm.nih.gov/nuccore/229905455	local	Wardeh, M., Risley, C., McIntyre, M. et al. Database of host-pathogen and related species interactions, and their global distribution. Sci Data 2, 150049 (2015). https://doi.org/10.1038/sdata.2015.49	file:///home/jorrit/proj/globi/data-new/wardeh2015/./			0.13.5
https://en.wiktionary.org/wiki/support							abacarus hystrix											http://purl.obolibrary.org/obo/RO_0002454	hasHost							elymus repens																			https://www.ncbi.nlm.nih.gov/nuccore/229905470	https://www.ncbi.nlm.nih.gov/nuccore/229905470	local	Wardeh, M., Risley, C., McIntyre, M. et al. Database of host-pathogen and related species interactions, and their global distribution. Sci Data 2, 150049 (2015). https://doi.org/10.1038/sdata.2015.49	file:///home/jorrit/proj/globi/data-new/wardeh2015/./			0.13.5
https://en.wiktionary.org/wiki/support							abacarus hystrix											http://purl.obolibrary.org/obo/RO_0002454	hasHost							elymus repens																			https://www.ncbi.nlm.nih.gov/nuccore/237513196	https://www.ncbi.nlm.nih.gov/nuccore/237513196	local	Wardeh, M., Risley, C., McIntyre, M. et al. Database of host-pathogen and related species interactions, and their global distribution. Sci Data 2, 150049 (2015). https://doi.org/10.1038/sdata.2015.49	file:///home/jorrit/proj/globi/data-new/wardeh2015/./			0.13.5
https://en.wiktionary.org/wiki/support							abacarus hystrix											http://purl.obolibrary.org/obo/RO_0002454	hasHost							elymus repens																			https://www.ncbi.nlm.nih.gov/nuccore/237513198	https://www.ncbi.nlm.nih.gov/nuccore/237513198	local	Wardeh, M., Risley, C., McIntyre, M. et al. Database of host-pathogen and related species interactions, and their global distribution. Sci Data 2, 150049 (2015). https://doi.org/10.1038/sdata.2015.49	file:///home/jorrit/proj/globi/data-new/wardeh2015/./			0.13.5
https://en.wiktionary.org/wiki/support							abacarus hystrix											http://purl.obolibrary.org/obo/RO_0002454	hasHost							elymus repens																			https://www.ncbi.nlm.nih.gov/nuccore/237513200	https://www.ncbi.nlm.nih.gov/nuccore/237513200	local	Wardeh, M., Risley, C., McIntyre, M. et al. Database of host-pathogen and related species interactions, and their global distribution. Sci Data 2, 150049 (2015). https://doi.org/10.1038/sdata.2015.49	file:///home/jorrit/proj/globi/data-new/wardeh2015/./			0.13.5
https://en.wiktionary.org/wiki/support							abacarus hystrix											http://purl.obolibrary.org/obo/RO_0002454	hasHost							elymus repens																			https://www.ncbi.nlm.nih.gov/nuccore/237513202	https://www.ncbi.nlm.nih.gov/nuccore/237513202	local	Wardeh, M., Risley, C., McIntyre, M. et al. Database of host-pathogen and related species interactions, and their global distribution. Sci Data 2, 150049 (2015). https://doi.org/10.1038/sdata.2015.49	file:///home/jorrit/proj/globi/data-new/wardeh2015/./			0.13.5
https://en.wiktionary.org/wiki/support							abacarus hystrix											http://purl.obolibrary.org/obo/RO_0002454	hasHost							elymus repens																			https://www.ncbi.nlm.nih.gov/nuccore/237513204	https://www.ncbi.nlm.nih.gov/nuccore/237513204	local	Wardeh, M., Risley, C., McIntyre, M. et al. Database of host-pathogen and related species interactions, and their global distribution. Sci Data 2, 150049 (2015). https://doi.org/10.1038/sdata.2015.49	file:///home/jorrit/proj/globi/data-new/wardeh2015/./			0.13.5
https://en.wiktionary.org/wiki/support							abacarus lolii											http://purl.obolibrary.org/obo/RO_0002454	hasHost							lolium perenne																			https://www.ncbi.nlm.nih.gov/nuccore/229905461	https://www.ncbi.nlm.nih.gov/nuccore/229905461	local	Wardeh, M., Risley, C., McIntyre, M. et al. Database of host-pathogen and related species interactions, and their global distribution. Sci Data 2, 150049 (2015). https://doi.org/10.1038/sdata.2015.49	file:///home/jorrit/proj/globi/data-new/wardeh2015/./			0.13.5
https://en.wiktionary.org/wiki/support							abacarus lolii											http://purl.obolibrary.org/obo/RO_0002454	hasHost							lolium perenne																			https://www.ncbi.nlm.nih.gov/nuccore/229905462	https://www.ncbi.nlm.nih.gov/nuccore/229905462	local	Wardeh, M., Risley, C., McIntyre, M. et al. Database of host-pathogen and related species interactions, and their global distribution. Sci Data 2, 150049 (2015). https://doi.org/10.1038/sdata.2015.49	file:///home/jorrit/proj/globi/data-new/wardeh2015/./			0.13.5
https://en.wiktionary.org/wiki/support							abacarus lolii											http://purl.obolibrary.org/obo/RO_0002454	hasHost							lolium perenne																			https://www.ncbi.nlm.nih.gov/nuccore/229905463	https://www.ncbi.nlm.nih.gov/nuccore/229905463	local	Wardeh, M., Risley, C., McIntyre, M. et al. Database of host-pathogen and related species interactions, and their global distribution. Sci Data 2, 150049 (2015). https://doi.org/10.1038/sdata.2015.49	file:///home/jorrit/proj/globi/data-new/wardeh2015/./			0.13.5
https://en.wiktionary.org/wiki/support							abacarus lolii											http://purl.obolibrary.org/obo/RO_0002454	hasHost							lolium perenne																			https://www.ncbi.nlm.nih.gov/nuccore/229905464	https://www.ncbi.nlm.nih.gov/nuccore/229905464	local	Wardeh, M., Risley, C., McIntyre, M. et al. Database of host-pathogen and related species interactions, and their global distribution. Sci Data 2, 150049 (2015). https://doi.org/10.1038/sdata.2015.49	file:///home/jorrit/proj/globi/data-new/wardeh2015/./			0.13.5
https://en.wiktionary.org/wiki/support							abacarus lolii											http://purl.obolibrary.org/obo/RO_0002454	hasHost							lolium perenne																			https://www.ncbi.nlm.nih.gov/nuccore/229905471	https://www.ncbi.nlm.nih.gov/nuccore/229905471	local	Wardeh, M., Risley, C., McIntyre, M. et al. Database of host-pathogen and related species interactions, and their global distribution. Sci Data 2, 150049 (2015). https://doi.org/10.1038/sdata.2015.49	file:///home/jorrit/proj/globi/data-new/wardeh2015/./			0.13.5
https://en.wiktionary.org/wiki/support							abacarus lolii											http://purl.obolibrary.org/obo/RO_0002454	hasHost							lolium perenne																			https://www.ncbi.nlm.nih.gov/nuccore/237513206	https://www.ncbi.nlm.nih.gov/nuccore/237513206	local	Wardeh, M., Risley, C., McIntyre, M. et al. Database of host-pathogen and related species interactions, and their global distribution. Sci Data 2, 150049 (2015). https://doi.org/10.1038/sdata.2015.49	file:///home/jorrit/proj/globi/data-new/wardeh2015/./			0.13.5
https://en.wiktionary.org/wiki/support							abacarus lolii											http://purl.obolibrary.org/obo/RO_0002454	hasHost							lolium perenne																			https://www.ncbi.nlm.nih.gov/nuccore/237513208	https://www.ncbi.nlm.nih.gov/nuccore/237513208	local	Wardeh, M., Risley, C., McIntyre, M. et al. Database of host-pathogen and related species interactions, and their global distribution. Sci Data 2, 150049 (2015). https://doi.org/10.1038/sdata.2015.49	file:///home/jorrit/proj/globi/data-new/wardeh2015/./			0.13.5
https://en.wiktionary.org/wiki/support							abacarus lolii											http://purl.obolibrary.org/obo/RO_0002454	hasHost							lolium perenne																			https://www.ncbi.nlm.nih.gov/nuccore/237513210	https://www.ncbi.nlm.nih.gov/nuccore/237513210	local	Wardeh, M., Risley, C., McIntyre, M. et al. Database of host-pathogen and related species interactions, and their global distribution. Sci Data 2, 150049 (2015). https://doi.org/10.1038/sdata.2015.49	file:///home/jorrit/proj/globi/data-new/wardeh2015/./			0.13.5
https://en.wiktionary.org/wiki/support							abacarus lolii											http://purl.obolibrary.org/obo/RO_0002454	hasHost							lolium perenne																			https://www.ncbi.nlm.nih.gov/nuccore/237513212	https://www.ncbi.nlm.nih.gov/nuccore/237513212	local	Wardeh, M., Risley, C., McIntyre, M. et al. Database of host-pathogen and related species interactions, and their global distribution. Sci Data 2, 150049 (2015). https://doi.org/10.1038/sdata.2015.49	file:///home/jorrit/proj/globi/data-new/wardeh2015/./			0.13.5
https://en.wiktionary.org/wiki/support							abacarus lolii											http://purl.obolibrary.org/obo/RO_0002454	hasHost							lolium perenne																			https://www.ncbi.nlm.nih.gov/nuccore/237513214	https://www.ncbi.nlm.nih.gov/nuccore/237513214	local	Wardeh, M., Risley, C., McIntyre, M. et al. Database of host-pathogen and related species interactions, and their global distribution. Sci Data 2, 150049 (2015). https://doi.org/10.1038/sdata.2015.49	file:///home/jorrit/proj/globi/data-new/wardeh2015/./			0.13.5
https://en.wiktionary.org/wiki/support							abiotrophia defectiva											http://purl.obolibrary.org/obo/RO_0002454	hasHost							homo sapiens																			https://www.ncbi.nlm.nih.gov/nuccore/285801079	https://www.ncbi.nlm.nih.gov/nuccore/285801079	local	Wardeh, M., Risley, C., McIntyre, M. et al. Database of host-pathogen and related species interactions, and their global distribution. Sci Data 2, 150049 (2015). https://doi.org/10.1038/sdata.2015.49	file:///home/jorrit/proj/globi/data-new/wardeh2015/./			0.13.5
https://en.wiktionary.org/wiki/support							abiotrophia defectiva											http://purl.obolibrary.org/obo/RO_0002454	hasHost							homo sapiens																			https://www.ncbi.nlm.nih.gov/nuccore/285801080	https://www.ncbi.nlm.nih.gov/nuccore/285801080	local	Wardeh, M., Risley, C., McIntyre, M. et al. Database of host-pathogen and related species interactions, and their global distribution. Sci Data 2, 150049 (2015). https://doi.org/10.1038/sdata.2015.49	file:///home/jorrit/proj/globi/data-new/wardeh2015/./			0.13.5
https://en.wiktionary.org/wiki/support							abiotrophia defectiva											http://purl.obolibrary.org/obo/RO_0002454	hasHost							homo sapiens																			https://www.ncbi.nlm.nih.gov/nuccore/285801081	https://www.ncbi.nlm.nih.gov/nuccore/285801081	local	Wardeh, M., Risley, C., McIntyre, M. et al. Database of host-pathogen and related species interactions, and their global distribution. Sci Data 2, 150049 (2015). https://doi.org/10.1038/sdata.2015.49	file:///home/jorrit/proj/globi/data-new/wardeh2015/./			0.13.5
https://en.wiktionary.org/wiki/support							abiotrophia defectiva											http://purl.obolibrary.org/obo/RO_0002454	hasHost							homo sapiens																			https://www.ncbi.nlm.nih.gov/nuccore/285801082	https://www.ncbi.nlm.nih.gov/nuccore/285801082	local	Wardeh, M., Risley, C., McIntyre, M. et al. Database of host-pathogen and related species interactions, and their global distribution. Sci Data 2, 150049 (2015). https://doi.org/10.1038/sdata.2015.49	file:///home/jorrit/proj/globi/data-new/wardeh2015/./			0.13.5
https://en.wiktionary.org/wiki/support							abiotrophia defectiva											http://purl.obolibrary.org/obo/RO_0002454	hasHost							homo sapiens																			https://www.ncbi.nlm.nih.gov/nuccore/285801083	https://www.ncbi.nlm.nih.gov/nuccore/285801083	local	Wardeh, M., Risley, C., McIntyre, M. et al. Database of host-pathogen and related species interactions, and their global distribution. Sci Data 2, 150049 (2015). https://doi.org/10.1038/sdata.2015.49	file:///home/jorrit/proj/globi/data-new/wardeh2015/./			0.13.5
https://en.wiktionary.org/wiki/support							abiotrophia defectiva											http://purl.obolibrary.org/obo/RO_0002454	hasHost							homo sapiens																			https://www.ncbi.nlm.nih.gov/nuccore/285801084	https://www.ncbi.nlm.nih.gov/nuccore/285801084	local	Wardeh, M., Risley, C., McIntyre, M. et al. Database of host-pathogen and related species interactions, and their global distribution. Sci Data 2, 150049 (2015). https://doi.org/10.1038/sdata.2015.49	file:///home/jorrit/proj/globi/data-new/wardeh2015/./			0.13.5
https://en.wiktionary.org/wiki/support							abiotrophia defectiva											http://purl.obolibrary.org/obo/RO_0002454	hasHost							homo sapiens																			https://www.ncbi.nlm.nih.gov/nuccore/285801085	https://www.ncbi.nlm.nih.gov/nuccore/285801085	local	Wardeh, M., Risley, C., McIntyre, M. et al. Database of host-pathogen and related species interactions, and their global distribution. Sci Data 2, 150049 (2015). https://doi.org/10.1038/sdata.2015.49	file:///home/jorrit/proj/globi/data-new/wardeh2015/./			0.13.5
https://en.wiktionary.org/wiki/support							abiotrophia defectiva											http://purl.obolibrary.org/obo/RO_0002454	hasHost							homo sapiens																			https://www.ncbi.nlm.nih.gov/nuccore/285801086	https://www.ncbi.nlm.nih.gov/nuccore/285801086	local	Wardeh, M., Risley, C., McIntyre, M. et al. Database of host-pathogen and related species interactions, and their global distribution. Sci Data 2, 150049 (2015). https://doi.org/10.1038/sdata.2015.49	file:///home/jorrit/proj/globi/data-new/wardeh2015/./			0.13.5
https://en.wiktionary.org/wiki/support							abiotrophia defectiva											http://purl.obolibrary.org/obo/RO_0002454	hasHost							homo sapiens																			https://www.ncbi.nlm.nih.gov/nuccore/285801087	https://www.ncbi.nlm.nih.gov/nuccore/285801087	local	Wardeh, M., Risley, C., McIntyre, M. et al. Database of host-pathogen and related species interactions, and their global distribution. Sci Data 2, 150049 (2015). https://doi.org/10.1038/sdata.2015.49	file:///home/jorrit/proj/globi/data-new/wardeh2015/./			0.13.5
https://en.wiktionary.org/wiki/support							abiotrophia defectiva											http://purl.obolibrary.org/obo/RO_0002454	hasHost							homo sapiens																			https://www.ncbi.nlm.nih.gov/nuccore/285801088	https://www.ncbi.nlm.nih.gov/nuccore/285801088	local	Wardeh, M., Risley, C., McIntyre, M. et al. Database of host-pathogen and related species interactions, and their global distribution. Sci Data 2, 150049 (2015). https://doi.org/10.1038/sdata.2015.49	file:///home/jorrit/proj/globi/data-new/wardeh2015/./			0.13.5
https://en.wiktionary.org/wiki/support							abiotrophia defectiva											http://purl.obolibrary.org/obo/RO_0002454	hasHost							homo sapiens																			https://www.ncbi.nlm.nih.gov/nuccore/285801089	https://www.ncbi.nlm.nih.gov/nuccore/285801089	local	Wardeh, M., Risley, C., McIntyre, M. et al. Database of host-pathogen and related species interactions, and their global distribution. Sci Data 2, 150049 (2015). https://doi.org/10.1038/sdata.2015.49	file:///home/jorrit/proj/globi/data-new/wardeh2015/./			0.13.5
https://en.wiktionary.org/wiki/support							abiotrophia defectiva											http://purl.obolibrary.org/obo/RO_0002454	hasHost							homo sapiens																			https://www.ncbi.nlm.nih.gov/nuccore/285801090	https://www.ncbi.nlm.nih.gov/nuccore/285801090	local	Wardeh, M., Risley, C., McIntyre, M. et al. Database of host-pathogen and related species interactions, and their global distribution. Sci Data 2, 150049 (2015). https://doi.org/10.1038/sdata.2015.49	file:///home/jorrit/proj/globi/data-new/wardeh2015/./			0.13.5
https://en.wiktionary.org/wiki/support							abiotrophia defectiva											http://purl.obolibrary.org/obo/RO_0002454	hasHost							homo sapiens																			https://www.ncbi.nlm.nih.gov/nuccore/285801091	https://www.ncbi.nlm.nih.gov/nuccore/285801091	local	Wardeh, M., Risley, C., McIntyre, M. et al. Database of host-pathogen and related species interactions, and their global distribution. Sci Data 2, 150049 (2015). https://doi.org/10.1038/sdata.2015.49	file:///home/jorrit/proj/globi/data-new/wardeh2015/./			0.13.5
https://en.wiktionary.org/wiki/support							abiotrophia defectiva											http://purl.obolibrary.org/obo/RO_0002454	hasHost							homo sapiens																			https://www.ncbi.nlm.nih.gov/nuccore/285801092	https://www.ncbi.nlm.nih.gov/nuccore/285801092	local	Wardeh, M., Risley, C., McIntyre, M. et al. Database of host-pathogen and related species interactions, and their global distribution. Sci Data 2, 150049 (2015). https://doi.org/10.1038/sdata.2015.49	file:///home/jorrit/proj/globi/data-new/wardeh2015/./			0.13.5
https://en.wiktionary.org/wiki/support							abiotrophia defectiva											http://purl.obolibrary.org/obo/RO_0002454	hasHost							homo sapiens																			https://www.ncbi.nlm.nih.gov/nuccore/285801093	https://www.ncbi.nlm.nih.gov/nuccore/285801093	local	Wardeh, M., Risley, C., McIntyre, M. et al. Database of host-pathogen and related species interactions, and their global distribution. Sci Data 2, 150049 (2015). https://doi.org/10.1038/sdata.2015.49	file:///home/jorrit/proj/globi/data-new/wardeh2015/./			0.13.5
https://en.wiktionary.org/wiki/support							abiotrophia defectiva											http://purl.obolibrary.org/obo/RO_0002454	hasHost							homo sapiens																			https://www.ncbi.nlm.nih.gov/nuccore/285801094	https://www.ncbi.nlm.nih.gov/nuccore/285801094	local	Wardeh, M., Risley, C., McIntyre, M. et al. Database of host-pathogen and related species interactions, and their global distribution. Sci Data 2, 150049 (2015). https://doi.org/10.1038/sdata.2015.49	file:///home/jorrit/proj/globi/data-new/wardeh2015/./			0.13.5
https://en.wiktionary.org/wiki/support							abiotrophia defectiva											http://purl.obolibrary.org/obo/RO_0002454	hasHost							homo sapiens																			https://www.ncbi.nlm.nih.gov/nuccore/285801095	https://www.ncbi.nlm.nih.gov/nuccore/285801095	local	Wardeh, M., Risley, C., McIntyre, M. et al. Database of host-pathogen and related species interactions, and their global distribution. Sci Data 2, 150049 (2015). https://doi.org/10.1038/sdata.2015.49	file:///home/jorrit/proj/globi/data-new/wardeh2015/./			0.13.5
https://en.wiktionary.org/wiki/support							abiotrophia defectiva											http://purl.obolibrary.org/obo/RO_0002454	hasHost							homo sapiens																			https://www.ncbi.nlm.nih.gov/nuccore/285801096	https://www.ncbi.nlm.nih.gov/nuccore/285801096	local	Wardeh, M., Risley, C., McIntyre, M. et al. Database of host-pathogen and related species interactions, and their global distribution. Sci Data 2, 150049 (2015). https://doi.org/10.1038/sdata.2015.49	file:///home/jorrit/proj/globi/data-new/wardeh2015/./			0.13.5
https://en.wiktionary.org/wiki/support							abiotrophia defectiva											http://purl.obolibrary.org/obo/RO_0002454	hasHost							homo sapiens																			https://www.ncbi.nlm.nih.gov/nuccore/285801097	https://www.ncbi.nlm.nih.gov/nuccore/285801097	local	Wardeh, M., Risley, C., McIntyre, M. et al. Database of host-pathogen and related species interactions, and their global distribution. Sci Data 2, 150049 (2015). https://doi.org/10.1038/sdata.2015.49	file:///home/jorrit/proj/globi/data-new/wardeh2015/./			0.13.5
https://en.wiktionary.org/wiki/support							abiotrophia defectiva											http://purl.obolibrary.org/obo/RO_0002454	hasHost							homo sapiens																			https://www.ncbi.nlm.nih.gov/nuccore/285801098	https://www.ncbi.nlm.nih.gov/nuccore/285801098	local	Wardeh, M., Risley, C., McIntyre, M. et al. Database of host-pathogen and related species interactions, and their global distribution. Sci Data 2, 150049 (2015). https://doi.org/10.1038/sdata.2015.49	file:///home/jorrit/proj/globi/data-new/wardeh2015/./			0.13.5
https://en.wiktionary.org/wiki/support							abiotrophia defectiva											http://purl.obolibrary.org/obo/RO_0002454	hasHost							homo sapiens																			https://www.ncbi.nlm.nih.gov/nuccore/285801099	https://www.ncbi.nlm.nih.gov/nuccore/285801099	local	Wardeh, M., Risley, C., McIntyre, M. et al. Database of host-pathogen and related species interactions, and their global distribution. Sci Data 2, 150049 (2015). https://doi.org/10.1038/sdata.2015.49	file:///home/jorrit/proj/globi/data-new/wardeh2015/./			0.13.5
https://en.wiktionary.org/wiki/support							abiotrophia defectiva											http://purl.obolibrary.org/obo/RO_0002454	hasHost							homo sapiens																			https://www.ncbi.nlm.nih.gov/nuccore/285801100	https://www.ncbi.nlm.nih.gov/nuccore/285801100	local	Wardeh, M., Risley, C., McIntyre, M. et al. Database of host-pathogen and related species interactions, and their global distribution. Sci Data 2, 150049 (2015). https://doi.org/10.1038/sdata.2015.49	file:///home/jorrit/proj/globi/data-new/wardeh2015/./			0.13.5
https://en.wiktionary.org/wiki/support							abiotrophia defectiva											http://purl.obolibrary.org/obo/RO_0002454	hasHost							homo sapiens																			https://www.ncbi.nlm.nih.gov/nuccore/285801101	https://www.ncbi.nlm.nih.gov/nuccore/285801101	local	Wardeh, M., Risley, C., McIntyre, M. et al. Database of host-pathogen and related species interactions, and their global distribution. Sci Data 2, 150049 (2015). https://doi.org/10.1038/sdata.2015.49	file:///home/jorrit/proj/globi/data-new/wardeh2015/./			0.13.5
https://en.wiktionary.org/wiki/support							abiotrophia defectiva											http://purl.obolibrary.org/obo/RO_0002454	hasHost							homo sapiens																			https://www.ncbi.nlm.nih.gov/nuccore/285801102	https://www.ncbi.nlm.nih.gov/nuccore/285801102	local	Wardeh, M., Risley, C., McIntyre, M. et al. Database of host-pathogen and related species interactions, and their global distribution. Sci Data 2, 150049 (2015). https://doi.org/10.1038/sdata.2015.49	file:///home/jorrit/proj/globi/data-new/wardeh2015/./			0.13.5
https://en.wiktionary.org/wiki/support							abiotrophia defectiva											http://purl.obolibrary.org/obo/RO_0002454	hasHost							homo sapiens																			https://www.ncbi.nlm.nih.gov/nuccore/285801103	https://www.ncbi.nlm.nih.gov/nuccore/285801103	local	Wardeh, M., Risley, C., McIntyre, M. et al. Database of host-pathogen and related species interactions, and their global distribution. Sci Data 2, 150049 (2015). https://doi.org/10.1038/sdata.2015.49	file:///home/jorrit/proj/globi/data-new/wardeh2015/./			0.13.5
https://en.wiktionary.org/wiki/support							abiotrophia defectiva											http://purl.obolibrary.org/obo/RO_0002454	hasHost							homo sapiens																			https://www.ncbi.nlm.nih.gov/nuccore/285801104	https://www.ncbi.nlm.nih.gov/nuccore/285801104	local	Wardeh, M., Risley, C., McIntyre, M. et al. Database of host-pathogen and related species interactions, and their global distribution. Sci Data 2, 150049 (2015). https://doi.org/10.1038/sdata.2015.49	file:///home/jorrit/proj/globi/data-new/wardeh2015/./			0.13.5
https://en.wiktionary.org/wiki/support							abiotrophia defectiva											http://purl.obolibrary.org/obo/RO_0002454	hasHost							homo sapiens																			https://www.ncbi.nlm.nih.gov/nuccore/285801105	https://www.ncbi.nlm.nih.gov/nuccore/285801105	local	Wardeh, M., Risley, C., McIntyre, M. et al. Database of host-pathogen and related species interactions, and their global distribution. Sci Data 2, 150049 (2015). https://doi.org/10.1038/sdata.2015.49	file:///home/jorrit/proj/globi/data-new/wardeh2015/./			0.13.5
https://en.wiktionary.org/wiki/support							abiotrophia defectiva											http://purl.obolibrary.org/obo/RO_0002454	hasHost							homo sapiens																			https://www.ncbi.nlm.nih.gov/nuccore/285801106	https://www.ncbi.nlm.nih.gov/nuccore/285801106	local	Wardeh, M., Risley, C., McIntyre, M. et al. Database of host-pathogen and related species interactions, and their global distribution. Sci Data 2, 150049 (2015). https://doi.org/10.1038/sdata.2015.49	file:///home/jorrit/proj/globi/data-new/wardeh2015/./			0.13.5
https://en.wiktionary.org/wiki/support							abiotrophia defectiva											http://purl.obolibrary.org/obo/RO_0002454	hasHost							homo sapiens																			https://www.ncbi.nlm.nih.gov/nuccore/285801107	https://www.ncbi.nlm.nih.gov/nuccore/285801107	local	Wardeh, M., Risley, C., McIntyre, M. et al. Database of host-pathogen and related species interactions, and their global distribution. Sci Data 2, 150049 (2015). https://doi.org/10.1038/sdata.2015.49	file:///home/jorrit/proj/globi/data-new/wardeh2015/./			0.13.5
https://en.wiktionary.org/wiki/support							abiotrophia defectiva											http://purl.obolibrary.org/obo/RO_0002454	hasHost							homo sapiens																			https://www.ncbi.nlm.nih.gov/nuccore/285801108	https://www.ncbi.nlm.nih.gov/nuccore/285801108	local	Wardeh, M., Risley, C., McIntyre, M. et al. Database of host-pathogen and related species interactions, and their global distribution. Sci Data 2, 150049 (2015). https://doi.org/10.1038/sdata.2015.49	file:///home/jorrit/proj/globi/data-new/wardeh2015/./			0.13.5
https://en.wiktionary.org/wiki/support							abiotrophia defectiva											http://purl.obolibrary.org/obo/RO_0002454	hasHost							homo sapiens																			https://www.ncbi.nlm.nih.gov/nuccore/285801109	https://www.ncbi.nlm.nih.gov/nuccore/285801109	local	Wardeh, M., Risley, C., McIntyre, M. et al. Database of host-pathogen and related species interactions, and their global distribution. Sci Data 2, 150049 (2015). https://doi.org/10.1038/sdata.2015.49	file:///home/jorrit/proj/globi/data-new/wardeh2015/./			0.13.5
https://en.wiktionary.org/wiki/support							abiotrophia defectiva											http://purl.obolibrary.org/obo/RO_0002454	hasHost							homo sapiens																			https://www.ncbi.nlm.nih.gov/nuccore/285801110	https://www.ncbi.nlm.nih.gov/nuccore/285801110	local	Wardeh, M., Risley, C., McIntyre, M. et al. Database of host-pathogen and related species interactions, and their global distribution. Sci Data 2, 150049 (2015). https://doi.org/10.1038/sdata.2015.49	file:///home/jorrit/proj/globi/data-new/wardeh2015/./			0.13.5
https://en.wiktionary.org/wiki/support							abiotrophia defectiva											http://purl.obolibrary.org/obo/RO_0002454	hasHost							homo sapiens																			https://www.ncbi.nlm.nih.gov/nuccore/285801111	https://www.ncbi.nlm.nih.gov/nuccore/285801111	local	Wardeh, M., Risley, C., McIntyre, M. et al. Database of host-pathogen and related species interactions, and their global distribution. Sci Data 2, 150049 (2015). https://doi.org/10.1038/sdata.2015.49	file:///home/jorrit/proj/globi/data-new/wardeh2015/./			0.13.5
https://en.wiktionary.org/wiki/support							abiotrophia defectiva											http://purl.obolibrary.org/obo/RO_0002454	hasHost							homo sapiens																			https://www.ncbi.nlm.nih.gov/nuccore/285801112	https://www.ncbi.nlm.nih.gov/nuccore/285801112	local	Wardeh, M., Risley, C., McIntyre, M. et al. Database of host-pathogen and related species interactions, and their global distribution. Sci Data 2, 150049 (2015). https://doi.org/10.1038/sdata.2015.49	file:///home/jorrit/proj/globi/data-new/wardeh2015/./			0.13.5
https://en.wiktionary.org/wiki/support							abiotrophia defectiva											http://purl.obolibrary.org/obo/RO_0002454	hasHost							homo sapiens																			https://www.ncbi.nlm.nih.gov/nuccore/285801113	https://www.ncbi.nlm.nih.gov/nuccore/285801113	local	Wardeh, M., Risley, C., McIntyre, M. et al. Database of host-pathogen and related species interactions, and their global distribution. Sci Data 2, 150049 (2015). https://doi.org/10.1038/sdata.2015.49	file:///home/jorrit/proj/globi/data-new/wardeh2015/./			0.13.5
https://en.wiktionary.org/wiki/support							abiotrophia defectiva											http://purl.obolibrary.org/obo/RO_0002454	hasHost							homo sapiens																			https://www.ncbi.nlm.nih.gov/nuccore/285801114	https://www.ncbi.nlm.nih.gov/nuccore/285801114	local	Wardeh, M., Risley, C., McIntyre, M. et al. Database of host-pathogen and related species interactions, and their global distribution. Sci Data 2, 150049 (2015). https://doi.org/10.1038/sdata.2015.49	file:///home/jorrit/proj/globi/data-new/wardeh2015/./			0.13.5
https://en.wiktionary.org/wiki/support							abiotrophia defectiva											http://purl.obolibrary.org/obo/RO_0002454	hasHost							homo sapiens																			https://www.ncbi.nlm.nih.gov/nuccore/285801115	https://www.ncbi.nlm.nih.gov/nuccore/285801115	local	Wardeh, M., Risley, C., McIntyre, M. et al. Database of host-pathogen and related species interactions, and their global distribution. Sci Data 2, 150049 (2015). https://doi.org/10.1038/sdata.2015.49	file:///home/jorrit/proj/globi/data-new/wardeh2015/./			0.13.5
https://en.wiktionary.org/wiki/support							abiotrophia defectiva											http://purl.obolibrary.org/obo/RO_0002454	hasHost							homo sapiens																			https://www.ncbi.nlm.nih.gov/nuccore/285801116	https://www.ncbi.nlm.nih.gov/nuccore/285801116	local	Wardeh, M., Risley, C., McIntyre, M. et al. Database of host-pathogen and related species interactions, and their global distribution. Sci Data 2, 150049 (2015). https://doi.org/10.1038/sdata.2015.49	file:///home/jorrit/proj/globi/data-new/wardeh2015/./			0.13.5
https://en.wiktionary.org/wiki/support							abiotrophia defectiva											http://purl.obolibrary.org/obo/RO_0002454	hasHost							homo sapiens																			https://www.ncbi.nlm.nih.gov/nuccore/285801117	https://www.ncbi.nlm.nih.gov/nuccore/285801117	local	Wardeh, M., Risley, C., McIntyre, M. et al. Database of host-pathogen and related species interactions, and their global distribution. Sci Data 2, 150049 (2015). https://doi.org/10.1038/sdata.2015.49	file:///home/jorrit/proj/globi/data-new/wardeh2015/./			0.13.5
https://en.wiktionary.org/wiki/support							abiotrophia defectiva											http://purl.obolibrary.org/obo/RO_0002454	hasHost							homo sapiens																			https://www.ncbi.nlm.nih.gov/nuccore/285801118	https://www.ncbi.nlm.nih.gov/nuccore/285801118	local	Wardeh, M., Risley, C., McIntyre, M. et al. Database of host-pathogen and related species interactions, and their global distribution. Sci Data 2, 150049 (2015). https://doi.org/10.1038/sdata.2015.49	file:///home/jorrit/proj/globi/data-new/wardeh2015/./			0.13.5
https://en.wiktionary.org/wiki/support							abiotrophia defectiva											http://purl.obolibrary.org/obo/RO_0002454	hasHost							homo sapiens																			https://www.ncbi.nlm.nih.gov/nuccore/285801119	https://www.ncbi.nlm.nih.gov/nuccore/285801119	local	Wardeh, M., Risley, C., McIntyre, M. et al. Database of host-pathogen and related species interactions, and their global distribution. Sci Data 2, 150049 (2015). https://doi.org/10.1038/sdata.2015.49	file:///home/jorrit/proj/globi/data-new/wardeh2015/./			0.13.5
https://en.wiktionary.org/wiki/support							abiotrophia defectiva											http://purl.obolibrary.org/obo/RO_0002454	hasHost							homo sapiens																			https://www.ncbi.nlm.nih.gov/nuccore/285801120	https://www.ncbi.nlm.nih.gov/nuccore/285801120	local	Wardeh, M., Risley, C., McIntyre, M. et al. Database of host-pathogen and related species interactions, and their global distribution. Sci Data 2, 150049 (2015). https://doi.org/10.1038/sdata.2015.49	file:///home/jorrit/proj/globi/data-new/wardeh2015/./			0.13.5
https://en.wiktionary.org/wiki/support							abiotrophia defectiva											http://purl.obolibrary.org/obo/RO_0002454	hasHost							homo sapiens																			https://www.ncbi.nlm.nih.gov/nuccore/285801121	https://www.ncbi.nlm.nih.gov/nuccore/285801121	local	Wardeh, M., Risley, C., McIntyre, M. et al. Database of host-pathogen and related species interactions, and their global distribution. Sci Data 2, 150049 (2015). https://doi.org/10.1038/sdata.2015.49	file:///home/jorrit/proj/globi/data-new/wardeh2015/./			0.13.5
https://en.wiktionary.org/wiki/support							abiotrophia defectiva											http://purl.obolibrary.org/obo/RO_0002454	hasHost							homo sapiens																			https://www.ncbi.nlm.nih.gov/nuccore/285801122	https://www.ncbi.nlm.nih.gov/nuccore/285801122	local	Wardeh, M., Risley, C., McIntyre, M. et al. Database of host-pathogen and related species interactions, and their global distribution. Sci Data 2, 150049 (2015). https://doi.org/10.1038/sdata.2015.49	file:///home/jorrit/proj/globi/data-new/wardeh2015/./			0.13.5
https://en.wiktionary.org/wiki/support							abiotrophia defectiva											http://purl.obolibrary.org/obo/RO_0002454	hasHost							homo sapiens																			https://www.ncbi.nlm.nih.gov/nuccore/285801123	https://www.ncbi.nlm.nih.gov/nuccore/285801123	local	Wardeh, M., Risley, C., McIntyre, M. et al. Database of host-pathogen and related species interactions, and their global distribution. Sci Data 2, 150049 (2015). https://doi.org/10.1038/sdata.2015.49	file:///home/jorrit/proj/globi/data-new/wardeh2015/./			0.13.5
https://en.wiktionary.org/wiki/support							abiotrophia defectiva											http://purl.obolibrary.org/obo/RO_0002454	hasHost							homo sapiens																			https://www.ncbi.nlm.nih.gov/nuccore/285801124	https://www.ncbi.nlm.nih.gov/nuccore/285801124	local	Wardeh, M., Risley, C., McIntyre, M. et al. Database of host-pathogen and related species interactions, and their global distribution. Sci Data 2, 150049 (2015). https://doi.org/10.1038/sdata.2015.49	file:///home/jorrit/proj/globi/data-new/wardeh2015/./			0.13.5
https://en.wiktionary.org/wiki/support							abiotrophia defectiva											http://purl.obolibrary.org/obo/RO_0002454	hasHost							homo sapiens																			https://www.ncbi.nlm.nih.gov/nuccore/285801125	https://www.ncbi.nlm.nih.gov/nuccore/285801125	local	Wardeh, M., Risley, C., McIntyre, M. et al. Database of host-pathogen and related species interactions, and their global distribution. Sci Data 2, 150049 (2015). https://doi.org/10.1038/sdata.2015.49	file:///home/jorrit/proj/globi/data-new/wardeh2015/./			0.13.5
https://en.wiktionary.org/wiki/support							abiotrophia defectiva											http://purl.obolibrary.org/obo/RO_0002454	hasHost							homo sapiens																			https://www.ncbi.nlm.nih.gov/nuccore/285801126	https://www.ncbi.nlm.nih.gov/nuccore/285801126	local	Wardeh, M., Risley, C., McIntyre, M. et al. Database of host-pathogen and related species interactions, and their global distribution. Sci Data 2, 150049 (2015). https://doi.org/10.1038/sdata.2015.49	file:///home/jorrit/proj/globi/data-new/wardeh2015/./			0.13.5
https://en.wiktionary.org/wiki/support							abiotrophia defectiva											http://purl.obolibrary.org/obo/RO_0002454	hasHost							homo sapiens																			https://www.ncbi.nlm.nih.gov/nuccore/285801127	https://www.ncbi.nlm.nih.gov/nuccore/285801127	local	Wardeh, M., Risley, C., McIntyre, M. et al. Database of host-pathogen and related species interactions, and their global distribution. Sci Data 2, 150049 (2015). https://doi.org/10.1038/sdata.2015.49	file:///home/jorrit/proj/globi/data-new/wardeh2015/./			0.13.5
https://en.wiktionary.org/wiki/support							abiotrophia defectiva											http://purl.obolibrary.org/obo/RO_0002454	hasHost							homo sapiens																			https://www.ncbi.nlm.nih.gov/nuccore/285801128	https://www.ncbi.nlm.nih.gov/nuccore/285801128	local	Wardeh, M., Risley, C., McIntyre, M. et al. Database of host-pathogen and related species interactions, and their global distribution. Sci Data 2, 150049 (2015). https://doi.org/10.1038/sdata.2015.49	file:///home/jorrit/proj/globi/data-new/wardeh2015/./			0.13.5
https://en.wiktionary.org/wiki/support							abiotrophia defectiva											http://purl.obolibrary.org/obo/RO_0002454	hasHost							homo sapiens																			https://www.ncbi.nlm.nih.gov/nuccore/285801129	https://www.ncbi.nlm.nih.gov/nuccore/285801129	local	Wardeh, M., Risley, C., McIntyre, M. et al. Database of host-pathogen and related species interactions, and their global distribution. Sci Data 2, 150049 (2015). https://doi.org/10.1038/sdata.2015.49	file:///home/jorrit/proj/globi/data-new/wardeh2015/./			0.13.5
https://en.wiktionary.org/wiki/support							abiotrophia defectiva											http://purl.obolibrary.org/obo/RO_0002454	hasHost							homo sapiens																			https://www.ncbi.nlm.nih.gov/nuccore/285801130	https://www.ncbi.nlm.nih.gov/nuccore/285801130	local	Wardeh, M., Risley, C., McIntyre, M. et al. Database of host-pathogen and related species interactions, and their global distribution. Sci Data 2, 150049 (2015). https://doi.org/10.1038/sdata.2015.49	file:///home/jorrit/proj/globi/data-new/wardeh2015/./			0.13.5
https://en.wiktionary.org/wiki/support							abiotrophia defectiva											http://purl.obolibrary.org/obo/RO_0002454	hasHost							homo sapiens																			https://www.ncbi.nlm.nih.gov/nuccore/285801131	https://www.ncbi.nlm.nih.gov/nuccore/285801131	local	Wardeh, M., Risley, C., McIntyre, M. et al. Database of host-pathogen and related species interactions, and their global distribution. Sci Data 2, 150049 (2015). https://doi.org/10.1038/sdata.2015.49	file:///home/jorrit/proj/globi/data-new/wardeh2015/./			0.13.5
https://en.wiktionary.org/wiki/support							abiotrophia defectiva											http://purl.obolibrary.org/obo/RO_0002454	hasHost							homo sapiens																			https://www.ncbi.nlm.nih.gov/nuccore/285801132	https://www.ncbi.nlm.nih.gov/nuccore/285801132	local	Wardeh, M., Risley, C., McIntyre, M. et al. Database of host-pathogen and related species interactions, and their global distribution. Sci Data 2, 150049 (2015). https://doi.org/10.1038/sdata.2015.49	file:///home/jorrit/proj/globi/data-new/wardeh2015/./			0.13.5
https://en.wiktionary.org/wiki/support							abiotrophia defectiva											http://purl.obolibrary.org/obo/RO_0002454	hasHost							homo sapiens																			https://www.ncbi.nlm.nih.gov/nuccore/285801133	https://www.ncbi.nlm.nih.gov/nuccore/285801133	local	Wardeh, M., Risley, C., McIntyre, M. et al. Database of host-pathogen and related species interactions, and their global distribution. Sci Data 2, 150049 (2015). https://doi.org/10.1038/sdata.2015.49	file:///home/jorrit/proj/globi/data-new/wardeh2015/./			0.13.5
https://en.wiktionary.org/wiki/support							abiotrophia defectiva											http://purl.obolibrary.org/obo/RO_0002454	hasHost							homo sapiens																			https://www.ncbi.nlm.nih.gov/nuccore/285801134	https://www.ncbi.nlm.nih.gov/nuccore/285801134	local	Wardeh, M., Risley, C., McIntyre, M. et al. Database of host-pathogen and related species interactions, and their global distribution. Sci Data 2, 150049 (2015). https://doi.org/10.1038/sdata.2015.49	file:///home/jorrit/proj/globi/data-new/wardeh2015/./			0.13.5
https://en.wiktionary.org/wiki/support							abiotrophia defectiva											http://purl.obolibrary.org/obo/RO_0002454	hasHost							homo sapiens																			https://www.ncbi.nlm.nih.gov/nuccore/285801135	https://www.ncbi.nlm.nih.gov/nuccore/285801135	local	Wardeh, M., Risley, C., McIntyre, M. et al. Database of host-pathogen and related species interactions, and their global distribution. Sci Data 2, 150049 (2015). https://doi.org/10.1038/sdata.2015.49	file:///home/jorrit/proj/globi/data-new/wardeh2015/./			0.13.5
https://en.wiktionary.org/wiki/support							abiotrophia defectiva											http://purl.obolibrary.org/obo/RO_0002454	hasHost							homo sapiens																			https://www.ncbi.nlm.nih.gov/nuccore/285801136	https://www.ncbi.nlm.nih.gov/nuccore/285801136	local	Wardeh, M., Risley, C., McIntyre, M. et al. Database of host-pathogen and related species interactions, and their global distribution. Sci Data 2, 150049 (2015). https://doi.org/10.1038/sdata.2015.49	file:///home/jorrit/proj/globi/data-new/wardeh2015/./			0.13.5
https://en.wiktionary.org/wiki/support							abiotrophia defectiva											http://purl.obolibrary.org/obo/RO_0002454	hasHost							homo sapiens																			https://www.ncbi.nlm.nih.gov/nuccore/285801137	https://www.ncbi.nlm.nih.gov/nuccore/285801137	local	Wardeh, M., Risley, C., McIntyre, M. et al. Database of host-pathogen and related species interactions, and their global distribution. Sci Data 2, 150049 (2015). https://doi.org/10.1038/sdata.2015.49	file:///home/jorrit/proj/globi/data-new/wardeh2015/./			0.13.5
https://en.wiktionary.org/wiki/support							abiotrophia defectiva											http://purl.obolibrary.org/obo/RO_0002454	hasHost							homo sapiens																			https://www.ncbi.nlm.nih.gov/nuccore/285801138	https://www.ncbi.nlm.nih.gov/nuccore/285801138	local	Wardeh, M., Risley, C., McIntyre, M. et al. Database of host-pathogen and related species interactions, and their global distribution. Sci Data 2, 150049 (2015). https://doi.org/10.1038/sdata.2015.49	file:///home/jorrit/proj/globi/data-new/wardeh2015/./			0.13.5
https://en.wiktionary.org/wiki/support							abiotrophia defectiva											http://purl.obolibrary.org/obo/RO_0002454	hasHost							homo sapiens																			https://www.ncbi.nlm.nih.gov/nuccore/285801139	https://www.ncbi.nlm.nih.gov/nuccore/285801139	local	Wardeh, M., Risley, C., McIntyre, M. et al. Database of host-pathogen and related species interactions, and their global distribution. Sci Data 2, 150049 (2015). https://doi.org/10.1038/sdata.2015.49	file:///home/jorrit/proj/globi/data-new/wardeh2015/./			0.13.5
https://en.wiktionary.org/wiki/support							abiotrophia defectiva											http://purl.obolibrary.org/obo/RO_0002454	hasHost							homo sapiens																			https://www.ncbi.nlm.nih.gov/nuccore/285801140	https://www.ncbi.nlm.nih.gov/nuccore/285801140	local	Wardeh, M., Risley, C., McIntyre, M. et al. Database of host-pathogen and related species interactions, and their global distribution. Sci Data 2, 150049 (2015). https://doi.org/10.1038/sdata.2015.49	file:///home/jorrit/proj/globi/data-new/wardeh2015/./			0.13.5
https://en.wiktionary.org/wiki/support							abiotrophia defectiva											http://purl.obolibrary.org/obo/RO_0002454	hasHost							homo sapiens																			https://www.ncbi.nlm.nih.gov/nuccore/285801141	https://www.ncbi.nlm.nih.gov/nuccore/285801141	local	Wardeh, M., Risley, C., McIntyre, M. et al. Database of host-pathogen and related species interactions, and their global distribution. Sci Data 2, 150049 (2015). https://doi.org/10.1038/sdata.2015.49	file:///home/jorrit/proj/globi/data-new/wardeh2015/./			0.13.5
https://en.wiktionary.org/wiki/support							abiotrophia defectiva											http://purl.obolibrary.org/obo/RO_0002454	hasHost							homo sapiens																			https://www.ncbi.nlm.nih.gov/nuccore/285801142	https://www.ncbi.nlm.nih.gov/nuccore/285801142	local	Wardeh, M., Risley, C., McIntyre, M. et al. Database of host-pathogen and related species interactions, and their global distribution. Sci Data 2, 150049 (2015). https://doi.org/10.1038/sdata.2015.49	file:///home/jorrit/proj/globi/data-new/wardeh2015/./			0.13.5
https://en.wiktionary.org/wiki/support							abiotrophia defectiva											http://purl.obolibrary.org/obo/RO_0002454	hasHost							homo sapiens																			https://www.ncbi.nlm.nih.gov/nuccore/285801143	https://www.ncbi.nlm.nih.gov/nuccore/285801143	local	Wardeh, M., Risley, C., McIntyre, M. et al. Database of host-pathogen and related species interactions, and their global distribution. Sci Data 2, 150049 (2015). https://doi.org/10.1038/sdata.2015.49	file:///home/jorrit/proj/globi/data-new/wardeh2015/./			0.13.5
https://en.wiktionary.org/wiki/support							abiotrophia defectiva											http://purl.obolibrary.org/obo/RO_0002454	hasHost							homo sapiens																			https://www.ncbi.nlm.nih.gov/nuccore/285801144	https://www.ncbi.nlm.nih.gov/nuccore/285801144	local	Wardeh, M., Risley, C., McIntyre, M. et al. Database of host-pathogen and related species interactions, and their global distribution. Sci Data 2, 150049 (2015). https://doi.org/10.1038/sdata.2015.49	file:///home/jorrit/proj/globi/data-new/wardeh2015/./			0.13.5
https://en.wiktionary.org/wiki/support							abiotrophia defectiva											http://purl.obolibrary.org/obo/RO_0002454	hasHost							homo sapiens																			https://www.ncbi.nlm.nih.gov/nuccore/285801145	https://www.ncbi.nlm.nih.gov/nuccore/285801145	local	Wardeh, M., Risley, C., McIntyre, M. et al. Database of host-pathogen and related species interactions, and their global distribution. Sci Data 2, 150049 (2015). https://doi.org/10.1038/sdata.2015.49	file:///home/jorrit/proj/globi/data-new/wardeh2015/./			0.13.5
https://en.wiktionary.org/wiki/support							abiotrophia defectiva											http://purl.obolibrary.org/obo/RO_0002454	hasHost							homo sapiens																			https://www.ncbi.nlm.nih.gov/nuccore/285801146	https://www.ncbi.nlm.nih.gov/nuccore/285801146	local	Wardeh, M., Risley, C., McIntyre, M. et al. Database of host-pathogen and related species interactions, and their global distribution. Sci Data 2, 150049 (2015). https://doi.org/10.1038/sdata.2015.49	file:///home/jorrit/proj/globi/data-new/wardeh2015/./			0.13.5
https://en.wiktionary.org/wiki/support							abiotrophia defectiva											http://purl.obolibrary.org/obo/RO_0002454	hasHost							homo sapiens																			https://www.ncbi.nlm.nih.gov/nuccore/285801147	https://www.ncbi.nlm.nih.gov/nuccore/285801147	local	Wardeh, M., Risley, C., McIntyre, M. et al. Database of host-pathogen and related species interactions, and their global distribution. Sci Data 2, 150049 (2015). https://doi.org/10.1038/sdata.2015.49	file:///home/jorrit/proj/globi/data-new/wardeh2015/./			0.13.5
https://en.wiktionary.org/wiki/support							abiotrophia defectiva											http://purl.obolibrary.org/obo/RO_0002454	hasHost							homo sapiens																			https://www.ncbi.nlm.nih.gov/nuccore/285801148	https://www.ncbi.nlm.nih.gov/nuccore/285801148	local	Wardeh, M., Risley, C., McIntyre, M. et al. Database of host-pathogen and related species interactions, and their global distribution. Sci Data 2, 150049 (2015). https://doi.org/10.1038/sdata.2015.49	file:///home/jorrit/proj/globi/data-new/wardeh2015/./			0.13.5
https://en.wiktionary.org/wiki/support							abiotrophia defectiva											http://purl.obolibrary.org/obo/RO_0002454	hasHost							homo sapiens																			https://www.ncbi.nlm.nih.gov/nuccore/285801149	https://www.ncbi.nlm.nih.gov/nuccore/285801149	local	Wardeh, M., Risley, C., McIntyre, M. et al. Database of host-pathogen and related species interactions, and their global distribution. Sci Data 2, 150049 (2015). https://doi.org/10.1038/sdata.2015.49	file:///home/jorrit/proj/globi/data-new/wardeh2015/./			0.13.5
https://en.wiktionary.org/wiki/support							abiotrophia defectiva											http://purl.obolibrary.org/obo/RO_0002454	hasHost							homo sapiens																			https://www.ncbi.nlm.nih.gov/nuccore/285801150	https://www.ncbi.nlm.nih.gov/nuccore/285801150	local	Wardeh, M., Risley, C., McIntyre, M. et al. Database of host-pathogen and related species interactions, and their global distribution. Sci Data 2, 150049 (2015). https://doi.org/10.1038/sdata.2015.49	file:///home/jorrit/proj/globi/data-new/wardeh2015/./			0.13.5
https://en.wiktionary.org/wiki/support							abiotrophia defectiva											http://purl.obolibrary.org/obo/RO_0002454	hasHost							homo sapiens																			https://www.ncbi.nlm.nih.gov/nuccore/285801151	https://www.ncbi.nlm.nih.gov/nuccore/285801151	local	Wardeh, M., Risley, C., McIntyre, M. et al. Database of host-pathogen and related species interactions, and their global distribution. Sci Data 2, 150049 (2015). https://doi.org/10.1038/sdata.2015.49	file:///home/jorrit/proj/globi/data-new/wardeh2015/./			0.13.5
https://en.wiktionary.org/wiki/support							abiotrophia defectiva											http://purl.obolibrary.org/obo/RO_0002454	hasHost							homo sapiens																			https://www.ncbi.nlm.nih.gov/nuccore/285801152	https://www.ncbi.nlm.nih.gov/nuccore/285801152	local	Wardeh, M., Risley, C., McIntyre, M. et al. Database of host-pathogen and related species interactions, and their global distribution. Sci Data 2, 150049 (2015). https://doi.org/10.1038/sdata.2015.49	file:///home/jorrit/proj/globi/data-new/wardeh2015/./			0.13.5
https://en.wiktionary.org/wiki/support							abiotrophia defectiva											http://purl.obolibrary.org/obo/RO_0002454	hasHost							homo sapiens																			https://www.ncbi.nlm.nih.gov/nuccore/285801153	https://www.ncbi.nlm.nih.gov/nuccore/285801153	local	Wardeh, M., Risley, C., McIntyre, M. et al. Database of host-pathogen and related species interactions, and their global distribution. Sci Data 2, 150049 (2015). https://doi.org/10.1038/sdata.2015.49	file:///home/jorrit/proj/globi/data-new/wardeh2015/./			0.13.5
https://en.wiktionary.org/wiki/support							abiotrophia defectiva											http://purl.obolibrary.org/obo/RO_0002454	hasHost							homo sapiens																			https://www.ncbi.nlm.nih.gov/nuccore/285801154	https://www.ncbi.nlm.nih.gov/nuccore/285801154	local	Wardeh, M., Risley, C., McIntyre, M. et al. Database of host-pathogen and related species interactions, and their global distribution. Sci Data 2, 150049 (2015). https://doi.org/10.1038/sdata.2015.49	file:///home/jorrit/proj/globi/data-new/wardeh2015/./			0.13.5
https://en.wiktionary.org/wiki/support							abiotrophia defectiva											http://purl.obolibrary.org/obo/RO_0002454	hasHost							homo sapiens																			https://www.ncbi.nlm.nih.gov/nuccore/285801155	https://www.ncbi.nlm.nih.gov/nuccore/285801155	local	Wardeh, M., Risley, C., McIntyre, M. et al. Database of host-pathogen and related species interactions, and their global distribution. Sci Data 2, 150049 (2015). https://doi.org/10.1038/sdata.2015.49	file:///home/jorrit/proj/globi/data-new/wardeh2015/./			0.13.5
https://en.wiktionary.org/wiki/support							abiotrophia defectiva											http://purl.obolibrary.org/obo/RO_0002454	hasHost							homo sapiens																			https://www.ncbi.nlm.nih.gov/nuccore/285801156	https://www.ncbi.nlm.nih.gov/nuccore/285801156	local	Wardeh, M., Risley, C., McIntyre, M. et al. Database of host-pathogen and related species interactions, and their global distribution. Sci Data 2, 150049 (2015). https://doi.org/10.1038/sdata.2015.49	file:///home/jorrit/proj/globi/data-new/wardeh2015/./			0.13.5
https://en.wiktionary.org/wiki/support							abiotrophia defectiva											http://purl.obolibrary.org/obo/RO_0002454	hasHost							homo sapiens																			https://www.ncbi.nlm.nih.gov/nuccore/285801157	https://www.ncbi.nlm.nih.gov/nuccore/285801157	local	Wardeh, M., Risley, C., McIntyre, M. et al. Database of host-pathogen and related species interactions, and their global distribution. Sci Data 2, 150049 (2015). https://doi.org/10.1038/sdata.2015.49	file:///home/jorrit/proj/globi/data-new/wardeh2015/./			0.13.5
https://en.wiktionary.org/wiki/support							abiotrophia defectiva											http://purl.obolibrary.org/obo/RO_0002454	hasHost							homo sapiens																			https://www.ncbi.nlm.nih.gov/nuccore/285801158	https://www.ncbi.nlm.nih.gov/nuccore/285801158	local	Wardeh, M., Risley, C., McIntyre, M. et al. Database of host-pathogen and related species interactions, and their global distribution. Sci Data 2, 150049 (2015). https://doi.org/10.1038/sdata.2015.49	file:///home/jorrit/proj/globi/data-new/wardeh2015/./			0.13.5
https://en.wiktionary.org/wiki/support							abiotrophia defectiva											http://purl.obolibrary.org/obo/RO_0002454	hasHost							homo sapiens																			https://www.ncbi.nlm.nih.gov/nuccore/285801159	https://www.ncbi.nlm.nih.gov/nuccore/285801159	local	Wardeh, M., Risley, C., McIntyre, M. et al. Database of host-pathogen and related species interactions, and their global distribution. Sci Data 2, 150049 (2015). https://doi.org/10.1038/sdata.2015.49	file:///home/jorrit/proj/globi/data-new/wardeh2015/./			0.13.5
https://en.wiktionary.org/wiki/support							abiotrophia defectiva											http://purl.obolibrary.org/obo/RO_0002454	hasHost							homo sapiens																			https://www.ncbi.nlm.nih.gov/nuccore/285801160	https://www.ncbi.nlm.nih.gov/nuccore/285801160	local	Wardeh, M., Risley, C., McIntyre, M. et al. Database of host-pathogen and related species interactions, and their global distribution. Sci Data 2, 150049 (2015). https://doi.org/10.1038/sdata.2015.49	file:///home/jorrit/proj/globi/data-new/wardeh2015/./			0.13.5
https://en.wiktionary.org/wiki/support							abiotrophia defectiva											http://purl.obolibrary.org/obo/RO_0002454	hasHost							homo sapiens																			https://www.ncbi.nlm.nih.gov/nuccore/285801161	https://www.ncbi.nlm.nih.gov/nuccore/285801161	local	Wardeh, M., Risley, C., McIntyre, M. et al. Database of host-pathogen and related species interactions, and their global distribution. Sci Data 2, 150049 (2015). https://doi.org/10.1038/sdata.2015.49	file:///home/jorrit/proj/globi/data-new/wardeh2015/./			0.13.5
https://en.wiktionary.org/wiki/support							abiotrophia defectiva											http://purl.obolibrary.org/obo/RO_0002454	hasHost							homo sapiens																			https://www.ncbi.nlm.nih.gov/nuccore/285801162	https://www.ncbi.nlm.nih.gov/nuccore/285801162	local	Wardeh, M., Risley, C., McIntyre, M. et al. Database of host-pathogen and related species interactions, and their global distribution. Sci Data 2, 150049 (2015). https://doi.org/10.1038/sdata.2015.49	file:///home/jorrit/proj/globi/data-new/wardeh2015/./			0.13.5
https://en.wiktionary.org/wiki/support							abiotrophia defectiva											http://purl.obolibrary.org/obo/RO_0002454	hasHost							homo sapiens																			https://www.ncbi.nlm.nih.gov/nuccore/285801163	https://www.ncbi.nlm.nih.gov/nuccore/285801163	local	Wardeh, M., Risley, C., McIntyre, M. et al. Database of host-pathogen and related species interactions, and their global distribution. Sci Data 2, 150049 (2015). https://doi.org/10.1038/sdata.2015.49	file:///home/jorrit/proj/globi/data-new/wardeh2015/./			0.13.5
https://en.wiktionary.org/wiki/support							abiotrophia defectiva											http://purl.obolibrary.org/obo/RO_0002454	hasHost							homo sapiens																			https://www.ncbi.nlm.nih.gov/nuccore/285801164	https://www.ncbi.nlm.nih.gov/nuccore/285801164	local	Wardeh, M., Risley, C., McIntyre, M. et al. Database of host-pathogen and related species interactions, and their global distribution. Sci Data 2, 150049 (2015). https://doi.org/10.1038/sdata.2015.49	file:///home/jorrit/proj/globi/data-new/wardeh2015/./			0.13.5
https://en.wiktionary.org/wiki/support							abiotrophia defectiva											http://purl.obolibrary.org/obo/RO_0002454	hasHost							homo sapiens																			https://www.ncbi.nlm.nih.gov/nuccore/285801165	https://www.ncbi.nlm.nih.gov/nuccore/285801165	local	Wardeh, M., Risley, C., McIntyre, M. et al. Database of host-pathogen and related species interactions, and their global distribution. Sci Data 2, 150049 (2015). https://doi.org/10.1038/sdata.2015.49	file:///home/jorrit/proj/globi/data-new/wardeh2015/./			0.13.5
https://en.wiktionary.org/wiki/support							abiotrophia defectiva											http://purl.obolibrary.org/obo/RO_0002454	hasHost							homo sapiens																			https://www.ncbi.nlm.nih.gov/nuccore/285801166	https://www.ncbi.nlm.nih.gov/nuccore/285801166	local	Wardeh, M., Risley, C., McIntyre, M. et al. Database of host-pathogen and related species interactions, and their global distribution. Sci Data 2, 150049 (2015). https://doi.org/10.1038/sdata.2015.49	file:///home/jorrit/proj/globi/data-new/wardeh2015/./			0.13.5
https://en.wiktionary.org/wiki/support							abiotrophia defectiva											http://purl.obolibrary.org/obo/RO_0002454	hasHost							homo sapiens																			https://www.ncbi.nlm.nih.gov/nuccore/285801167	https://www.ncbi.nlm.nih.gov/nuccore/285801167	local	Wardeh, M., Risley, C., McIntyre, M. et al. Database of host-pathogen and related species interactions, and their global distribution. Sci Data 2, 150049 (2015). https://doi.org/10.1038/sdata.2015.49	file:///home/jorrit/proj/globi/data-new/wardeh2015/./			0.13.5
https://en.wiktionary.org/wiki/support							abiotrophia defectiva											http://purl.obolibrary.org/obo/RO_0002454	hasHost							homo sapiens																			https://www.ncbi.nlm.nih.gov/nuccore/285801168	https://www.ncbi.nlm.nih.gov/nuccore/285801168	local	Wardeh, M., Risley, C., McIntyre, M. et al. Database of host-pathogen and related species interactions, and their global distribution. Sci Data 2, 150049 (2015). https://doi.org/10.1038/sdata.2015.49	file:///home/jorrit/proj/globi/data-new/wardeh2015/./			0.13.5
https://en.wiktionary.org/wiki/support							abiotrophia defectiva											http://purl.obolibrary.org/obo/RO_0002454	hasHost							homo sapiens																			https://www.ncbi.nlm.nih.gov/nuccore/285801169	https://www.ncbi.nlm.nih.gov/nuccore/285801169	local	Wardeh, M., Risley, C., McIntyre, M. et al. Database of host-pathogen and related species interactions, and their global distribution. Sci Data 2, 150049 (2015). https://doi.org/10.1038/sdata.2015.49	file:///home/jorrit/proj/globi/data-new/wardeh2015/./			0.13.5
https://en.wiktionary.org/wiki/support							abiotrophia defectiva											http://purl.obolibrary.org/obo/RO_0002454	hasHost							homo sapiens																			https://www.ncbi.nlm.nih.gov/nuccore/285801170	https://www.ncbi.nlm.nih.gov/nuccore/285801170	local	Wardeh, M., Risley, C., McIntyre, M. et al. Database of host-pathogen and related species interactions, and their global distribution. Sci Data 2, 150049 (2015). https://doi.org/10.1038/sdata.2015.49	file:///home/jorrit/proj/globi/data-new/wardeh2015/./			0.13.5
https://en.wiktionary.org/wiki/support							abiotrophia defectiva											http://purl.obolibrary.org/obo/RO_0002454	hasHost							homo sapiens																			https://www.ncbi.nlm.nih.gov/nuccore/285801171	https://www.ncbi.nlm.nih.gov/nuccore/285801171	local	Wardeh, M., Risley, C., McIntyre, M. et al. Database of host-pathogen and related species interactions, and their global distribution. Sci Data 2, 150049 (2015). https://doi.org/10.1038/sdata.2015.49	file:///home/jorrit/proj/globi/data-new/wardeh2015/./			0.13.5
https://en.wiktionary.org/wiki/support							abiotrophia defectiva											http://purl.obolibrary.org/obo/RO_0002454	hasHost							homo sapiens																			https://www.ncbi.nlm.nih.gov/nuccore/285801172	https://www.ncbi.nlm.nih.gov/nuccore/285801172	local	Wardeh, M., Risley, C., McIntyre, M. et al. Database of host-pathogen and related species interactions, and their global distribution. Sci Data 2, 150049 (2015). https://doi.org/10.1038/sdata.2015.49	file:///home/jorrit/proj/globi/data-new/wardeh2015/./			0.13.5
https://en.wiktionary.org/wiki/support							abiotrophia defectiva											http://purl.obolibrary.org/obo/RO_0002454	hasHost							homo sapiens																			https://www.ncbi.nlm.nih.gov/nuccore/285801173	https://www.ncbi.nlm.nih.gov/nuccore/285801173	local	Wardeh, M., Risley, C., McIntyre, M. et al. Database of host-pathogen and related species interactions, and their global distribution. Sci Data 2, 150049 (2015). https://doi.org/10.1038/sdata.2015.49	file:///home/jorrit/proj/globi/data-new/wardeh2015/./			0.13.5
https://en.wiktionary.org/wiki/support							abiotrophia defectiva											http://purl.obolibrary.org/obo/RO_0002454	hasHost							homo sapiens																			https://www.ncbi.nlm.nih.gov/nuccore/285801174	https://www.ncbi.nlm.nih.gov/nuccore/285801174	local	Wardeh, M., Risley, C., McIntyre, M. et al. Database of host-pathogen and related species interactions, and their global distribution. Sci Data 2, 150049 (2015). https://doi.org/10.1038/sdata.2015.49	file:///home/jorrit/proj/globi/data-new/wardeh2015/./			0.13.5
https://en.wiktionary.org/wiki/support							abiotrophia defectiva											http://purl.obolibrary.org/obo/RO_0002454	hasHost							homo sapiens																			https://www.ncbi.nlm.nih.gov/nuccore/285801175	https://www.ncbi.nlm.nih.gov/nuccore/285801175	local	Wardeh, M., Risley, C., McIntyre, M. et al. Database of host-pathogen and related species interactions, and their global distribution. Sci Data 2, 150049 (2015). https://doi.org/10.1038/sdata.2015.49	file:///home/jorrit/proj/globi/data-new/wardeh2015/./			0.13.5
https://en.wiktionary.org/wiki/support							abiotrophia defectiva											http://purl.obolibrary.org/obo/RO_0002454	hasHost							homo sapiens																			https://www.ncbi.nlm.nih.gov/nuccore/285801176	https://www.ncbi.nlm.nih.gov/nuccore/285801176	local	Wardeh, M., Risley, C., McIntyre, M. et al. Database of host-pathogen and related species interactions, and their global distribution. Sci Data 2, 150049 (2015). https://doi.org/10.1038/sdata.2015.49	file:///home/jorrit/proj/globi/data-new/wardeh2015/./			0.13.5
https://en.wiktionary.org/wiki/support							abiotrophia defectiva											http://purl.obolibrary.org/obo/RO_0002454	hasHost							homo sapiens																			https://www.ncbi.nlm.nih.gov/nuccore/285801177	https://www.ncbi.nlm.nih.gov/nuccore/285801177	local	Wardeh, M., Risley, C., McIntyre, M. et al. Database of host-pathogen and related species interactions, and their global distribution. Sci Data 2, 150049 (2015). https://doi.org/10.1038/sdata.2015.49	file:///home/jorrit/proj/globi/data-new/wardeh2015/./			0.13.5
https://en.wiktionary.org/wiki/support							abiotrophia defectiva											http://purl.obolibrary.org/obo/RO_0002454	hasHost							homo sapiens																			https://www.ncbi.nlm.nih.gov/nuccore/285801178	https://www.ncbi.nlm.nih.gov/nuccore/285801178	local	Wardeh, M., Risley, C., McIntyre, M. et al. Database of host-pathogen and related species interactions, and their global distribution. Sci Data 2, 150049 (2015). https://doi.org/10.1038/sdata.2015.49	file:///home/jorrit/proj/globi/data-new/wardeh2015/./			0.13.5
https://en.wiktionary.org/wiki/support							abothrium gadi											http://purl.obolibrary.org/obo/RO_0002454	hasHost							gadus morhua																			https://www.ncbi.nlm.nih.gov/nuccore/6997859	https://www.ncbi.nlm.nih.gov/nuccore/6997859	local	Wardeh, M., Risley, C., McIntyre, M. et al. Database of host-pathogen and related species interactions, and their global distribution. Sci Data 2, 150049 (2015). https://doi.org/10.1038/sdata.2015.49	file:///home/jorrit/proj/globi/data-new/wardeh2015/./			0.13.5
https://en.wiktionary.org/wiki/support							abothrium gadi											http://purl.obolibrary.org/obo/RO_0002454	hasHost							gadus morhua																			https://www.ncbi.nlm.nih.gov/nuccore/14388868	https://www.ncbi.nlm.nih.gov/nuccore/14388868	local	Wardeh, M., Risley, C., McIntyre, M. et al. Database of host-pathogen and related species interactions, and their global distribution. Sci Data 2, 150049 (2015). https://doi.org/10.1038/sdata.2015.49	file:///home/jorrit/proj/globi/data-new/wardeh2015/./			0.13.5
https://en.wiktionary.org/wiki/support							absidia glauca											http://purl.obolibrary.org/obo/RO_0002454	hasHost							steganacarus magnus																			https://www.ncbi.nlm.nih.gov/nuccore/84452405	https://www.ncbi.nlm.nih.gov/nuccore/84452405	local	Wardeh, M., Risley, C., McIntyre, M. et al. Database of host-pathogen and related species interactions, and their global distribution. Sci Data 2, 150049 (2015). https://doi.org/10.1038/sdata.2015.49	file:///home/jorrit/proj/globi/data-new/wardeh2015/./			0.13.5
https://en.wiktionary.org/wiki/support							absidia glauca											http://purl.obolibrary.org/obo/RO_0002454	hasHost							steganacarus magnus																			https://www.ncbi.nlm.nih.gov/nuccore/84452448	https://www.ncbi.nlm.nih.gov/nuccore/84452448	local	Wardeh, M., Risley, C., McIntyre, M. et al. Database of host-pathogen and related species interactions, and their global distribution. Sci Data 2, 150049 (2015). https://doi.org/10.1038/sdata.2015.49	file:///home/jorrit/proj/globi/data-new/wardeh2015/./			0.13.5
https://en.wiktionary.org/wiki/support							abutilon mosaic virus											http://purl.obolibrary.org/obo/RO_0002454	hasHost							solanum lycopersicum																			https://www.ncbi.nlm.nih.gov/nuccore/239634516	https://www.ncbi.nlm.nih.gov/nuccore/239634516	local	Wardeh, M., Risley, C., McIntyre, M. et al. Database of host-pathogen and related species interactions, and their global distribution. Sci Data 2, 150049 (2015). https://doi.org/10.1038/sdata.2015.49	file:///home/jorrit/proj/globi/data-new/wardeh2015/./			0.13.5
https://en.wiktionary.org/wiki/support							acalyptris limonii											http://purl.obolibrary.org/obo/RO_0002454	hasHost							limonium vulgare																			https://www.ncbi.nlm.nih.gov/nuccore/133722046	https://www.ncbi.nlm.nih.gov/nuccore/133722046	local	Wardeh, M., Risley, C., McIntyre, M. et al. Database of host-pathogen and related species interactions, and their global distribution. Sci Data 2, 150049 (2015). https://doi.org/10.1038/sdata.2015.49	file:///home/jorrit/proj/globi/data-new/wardeh2015/./			0.13.5
https://en.wiktionary.org/wiki/support							acalyptris loranthella											http://purl.obolibrary.org/obo/RO_0002454	hasHost							loranthus europaeus																			https://www.ncbi.nlm.nih.gov/nuccore/133722040	https://www.ncbi.nlm.nih.gov/nuccore/133722040	local	Wardeh, M., Risley, C., McIntyre, M. et al. Database of host-pathogen and related species interactions, and their global distribution. Sci Data 2, 150049 (2015). https://doi.org/10.1038/sdata.2015.49	file:///home/jorrit/proj/globi/data-new/wardeh2015/./			0.13.5
https://en.wiktionary.org/wiki/support							acalyptris loranthella											http://purl.obolibrary.org/obo/RO_0002454	hasHost							loranthus europaeus																			https://www.ncbi.nlm.nih.gov/nuccore/133722044	https://www.ncbi.nlm.nih.gov/nuccore/133722044	local	Wardeh, M., Risley, C., McIntyre, M. et al. Database of host-pathogen and related species interactions, and their global distribution. Sci Data 2, 150049 (2015). https://doi.org/10.1038/sdata.2015.49	file:///home/jorrit/proj/globi/data-new/wardeh2015/./			0.13.5
https://en.wiktionary.org/wiki/support							acalyptris maritima											http://purl.obolibrary.org/obo/RO_0002454	hasHost							limonium vulgare																			https://www.ncbi.nlm.nih.gov/nuccore/133722048	https://www.ncbi.nlm.nih.gov/nuccore/133722048	local	Wardeh, M., Risley, C., McIntyre, M. et al. Database of host-pathogen and related species interactions, and their global distribution. Sci Data 2, 150049 (2015). https://doi.org/10.1038/sdata.2015.49	file:///home/jorrit/proj/globi/data-new/wardeh2015/./			0.13.5
https://en.wiktionary.org/wiki/support							acalyptris minimella											http://purl.obolibrary.org/obo/RO_0002454	hasHost							pistacia lentiscus																			https://www.ncbi.nlm.nih.gov/nuccore/133722042	https://www.ncbi.nlm.nih.gov/nuccore/133722042	local	Wardeh, M., Risley, C., McIntyre, M. et al. Database of host-pathogen and related species interactions, and their global distribution. Sci Data 2, 150049 (2015). https://doi.org/10.1038/sdata.2015.49	file:///home/jorrit/proj/globi/data-new/wardeh2015/./			0.13.5
https://en.wiktionary.org/wiki/support							acalyptris pistaciae											http://purl.obolibrary.org/obo/RO_0002454	hasHost							pistacia lentiscus																			https://www.ncbi.nlm.nih.gov/nuccore/133722058	https://www.ncbi.nlm.nih.gov/nuccore/133722058	local	Wardeh, M., Risley, C., McIntyre, M. et al. Database of host-pathogen and related species interactions, and their global distribution. Sci Data 2, 150049 (2015). https://doi.org/10.1038/sdata.2015.49	file:///home/jorrit/proj/globi/data-new/wardeh2015/./			0.13.5
https://en.wiktionary.org/wiki/support							acalyptris platani											http://purl.obolibrary.org/obo/RO_0002454	hasHost							platanus orientalis																			https://www.ncbi.nlm.nih.gov/nuccore/133722056	https://www.ncbi.nlm.nih.gov/nuccore/133722056	local	Wardeh, M., Risley, C., McIntyre, M. et al. Database of host-pathogen and related species interactions, and their global distribution. Sci Data 2, 150049 (2015). https://doi.org/10.1038/sdata.2015.49	file:///home/jorrit/proj/globi/data-new/wardeh2015/./			0.13.5
